"Film ID","Title","Description","Release Year","Language","Duration","Rating"
"1","Are you alone ?","Do not watch this alone","2016","English","136","four"
"2","Are you alone ? 2","Do watch this alone","2016","English","146","two"
"3","One_Piece","A show about pirates","1998","Japanese","25","five"
"4","One_Piece,Marineford","A show about pirates","2012","Japanese","25","five"
"5","One_Piece,Dressrosa","A show about pirates","2018","Japanese","24","five"
"6","Naruto","A show about ninjas","1999","Japanese","25","four"
"7","Naruto, Chounin Exams","A show about ninjas","2001","Japanese","25","five"
"8","Naruto, Akatsuki","A show about ninjas","2011","Japanese","26","five"
"9","Space Jump 3","Luca and Bugs Bunny ","2026","English","113","four"
"10","Peanut Butter","Best movie no one knows","2014","English","129","three"
